{"cameraMode":{"drawMode":0,"name":"Shaded","section":"Shading Mode"},"sceneLighting":true,"audioPlay":false,"sceneViewState":{"m_AlwaysRefresh":false,"showFog":true,"showSkybox":true,"showFlares":true,"showImageEffects":true,"showParticleSystems":true,"showVisualEffectGraphs":true,"m_FxEnabled":true},"in2DMode":false,"pivot":{"x":255.12704467773438,"y":50.25148010253906,"z":3471.76318359375},"rotation":{"x":-0.03179621323943138,"y":-0.024573206901550294,"z":0.000725407968275249,"w":-0.9992039203643799},"size":1914.630615234375,"orthographic":false}